id,name,avatar_url,created_at
3f4ef70c-5f57-4e0d-a41b-1d3d6bd1a001,Nadia Harper,https://i.pravatar.cc/120?img=32,2026-04-20T08:00:00.000Z
3f4ef70c-5f57-4e0d-a41b-1d3d6bd1a002,Leo Grant,https://i.pravatar.cc/120?img=15,2026-04-20T08:01:00.000Z
3f4ef70c-5f57-4e0d-a41b-1d3d6bd1a003,Priya Nair,https://i.pravatar.cc/120?img=47,2026-04-20T08:02:00.000Z
3f4ef70c-5f57-4e0d-a41b-1d3d6bd1a004,Aria Moss,https://i.pravatar.cc/120?img=24,2026-04-20T08:03:00.000Z
3f4ef70c-5f57-4e0d-a41b-1d3d6bd1a005,Ben Holt,https://i.pravatar.cc/120?img=11,2026-04-20T08:04:00.000Z
3f4ef70c-5f57-4e0d-a41b-1d3d6bd1a006,Marta Silva,https://i.pravatar.cc/120?img=21,2026-04-20T08:05:00.000Z
3f4ef70c-5f57-4e0d-a41b-1d3d6bd1a007,Owen Park,https://i.pravatar.cc/120?img=54,2026-04-20T08:06:00.000Z
3f4ef70c-5f57-4e0d-a41b-1d3d6bd1a008,Elena Rossi,https://i.pravatar.cc/120?img=60,2026-04-20T08:07:00.000Z
3f4ef70c-5f57-4e0d-a41b-1d3d6bd1a009,Samir Khan,https://i.pravatar.cc/120?img=68,2026-04-20T08:08:00.000Z
3f4ef70c-5f57-4e0d-a41b-1d3d6bd1a010,Cara Nguyen,https://i.pravatar.cc/120?img=8,2026-04-20T08:09:00.000Z
